Title,Date
"Gilmore Girls: Season 1: Pilot","2/5/19"
"Russian Doll: Season 1: Nothing in This World Is Easy","2/2/19"
"The Edge of Seventeen","2/2/19"
"Conversations with a Killer: The Ted Bundy Tapes: Season 1: Handsome Devil","2/2/19"
"Grey's Anatomy: Season 4: The Heart of the Matter","2/2/19"
"Grey's Anatomy: Season 4: Let the Truth Sting","1/26/19"
"Set It Up","1/26/19"
"Jane The Virgin: Season 4: Chapter Seventy-Eight","1/26/19"
"Sherlock: Series 2: A Scandal in Belgravia","1/23/19"
"Sherlock: Series 1: The Great Game","1/20/19"
"The Breakfast Club","1/20/19"
"The Office (U.S.): Season 1: Pilot","1/19/19"
"ADAM SANDLER 100% FRESH","1/16/19"
"Sex Education: Season 1: Episode 8","1/16/19"
"Sex Education: Season 1: Episode 7","1/15/19"
"Sex Education: Season 1: Episode 6","1/15/19"
"Sex Education: Season 1: Episode 5","1/15/19"
"Sex Education: Season 1: Episode 4","1/14/19"
"The Haunting of Hill House: Season 1: The Bent-Neck Lady","1/14/19"
"Sex Education: Season 1: Episode 3","1/14/19"
"Sex Education: Season 1: Episode 2","1/13/19"
"Sex Education: Season 1: Episode 1","1/13/19"
"ROMA","1/9/19"
"Heathers","1/4/19"
"Black Mirror: Bandersnatch","1/1/19"
"Taylor Swift reputation Stadium Tour","1/1/19"
"Private Life","12/31/18"
"Trevor Noah: Son of Patricia","12/30/18"
"You: Season 1: Bluebeard's Castle","12/29/18"
"You: Season 1: Candace","12/29/18"
"You: Season 1: You Got Me, Babe","12/29/18"
"You: Season 1: Everythingship","12/29/18"
"You: Season 1: Amour Fou","12/27/18"
"You: Season 1: Living with the Enemy","12/27/18"
"You: Season 1: The Captain","12/27/18"
"You: Season 1: Maybe","12/27/18"
"You: Season 1: The Last Nice Guy in New York","12/27/18"
"You: Season 1: Pilot","12/27/18"
"Patriot Act with Hasan Minhaj: Volume 1: Immigration Enforcement","12/24/18"
"Derry Girls: Season 1: Episode 1","12/24/18"
"Shirkers","12/24/18"
"Sherlock: Series 1: The Blind Banker","12/22/18"
"Two Weeks Notice","12/22/18"
"Ellen DeGeneres: Relatable: Special: Relatable","12/21/18"
"Patriot Act with Hasan Minhaj: Volume 1: Content Moderation and Free Speech","12/21/18"
"Patriot Act with Hasan Minhaj: Volume 1: Supreme","12/21/18"
"Patriot Act with Hasan Minhaj: Volume 1: Oil","12/21/18"
"Patriot Act with Hasan Minhaj: Volume 1: Affirmative Action","12/21/18"
"The Haunting of Hill House: Season 1: The Twin Thing","12/14/18"
"Wake Up Sid","12/12/18"
"To All the Boys I’ve Loved Before","12/12/18"
"Dumplin'","12/12/18"
"Love Actually","12/12/18"
"Sherlock: Series 1: A Study in Pink","12/11/18"
"Friends: Season 3: The One Without the Ski Trip","12/3/18"
"Friends: Season 3: The One The Morning After","11/30/18"
"Friends: Season 3: The One Where Ross & Rachel Take a Break","11/30/18"
"Gilmore Girls: Season 6: He's Slippin' 'Em Bread ... Dig?","11/27/18"
"The Haunting of Hill House: Season 1: Touch","11/20/18"
"The Haunting of Hill House: Season 1: Open Casket","11/17/18"
"Friends: Season 3: The One with Phoebe's Ex-Partner","11/17/18"
"Friends: Season 3: The One Where Monica & Richard Are Just Friends","11/15/18"
"The Haunting of Hill House: Season 1: Steven Sees a Ghost","11/12/18"
"Friends: Season 3: The One with All the Jealousy","11/12/18"
"Patriot Act with Hasan Minhaj: Volume 1: Amazon","11/9/18"
"Patriot Act with Hasan Minhaj: Volume 1: Saudi Arabia","11/9/18"
"Big Mouth: Season 2: The Department of Puberty","11/9/18"
"Big Mouth: Season 2: Smooch or Share","11/8/18"
"Big Mouth: Season 2: Dark Side of the Boob","11/8/18"
"Big Mouth: Season 2: Guy Town","11/6/18"
"Big Mouth: Season 2: Drug Buddies","11/6/18"
"Big Mouth: Season 2: The Planned Parenthood Show","11/6/18"
"Big Mouth: Season 2: Steve the Virgin","11/6/18"
"Big Mouth: Season 2: The Shame Wizard","11/6/18"
"Big Mouth: Season 2: What Is It About Boobs?","11/3/18"
"Big Mouth: Season 2: Am I Normal?","11/3/18"
"Big Mouth: Season 1: The Pornscape","11/1/18"
"Big Mouth: Season 1: I Survived Jessi's Bat Mitzvah","11/1/18"
"Laggies","10/30/18"
"Big Mouth: Season 1: The Head Push","10/30/18"
"Big Mouth: Season 1: Requiem for a Wet Dream","10/30/18"
"Big Mouth: Season 1: Pillow Talk","10/28/18"
"Big Mouth: Season 1: Girls Are Horny Too","10/28/18"
"Big Mouth: Season 1: Sleepover: A Harrowing Ordeal of Emotional Brutality","10/28/18"
"Big Mouth: Season 1: Am I Gay?","10/28/18"
"Big Mouth: Season 1: Everybody Bleeds","10/28/18"
"Big Mouth: Season 1: Ejaculation","10/27/18"
"Frances Ha","10/26/18"
"Friends: Season 3: The One with the Football","10/24/18"
"Gilmore Girls: Season 6: The Prodigal Daughter Returns","10/22/18"
"Gilmore Girls: Season 6: Let Me Hear Your Balalaikas Ringing Out","10/22/18"
"Gilmore Girls: Season 6: We've Got Magic to Do","10/22/18"
"Gilmore Girls: Season 5: Blame Booze and Melville","10/22/18"
"Gilmore Girls: Season 6: Always a Godmother, Never a God","10/22/18"
"Grey's Anatomy: Season 1: Who's Zoomin' Who?","10/22/18"
"Friends: Season 3: The One with the Giant Poking Device","10/18/18"
"Friends: Season 3: The One with the Race Car Bed","10/14/18"
"Elite: Season 1: Assilah","10/11/18"
"Elite: Season 1: Everything Explodes","10/9/18"
"Elite: Season 1: Everything Will Be Okay","10/9/18"
"Elite: Season 1: Everyone Lies","10/9/18"
"Elite: Season 1: Love is a Drug","10/9/18"
"Elite: Season 1: Saturday Night","10/9/18"
"Elite: Season 1: Desire","10/8/18"
"Elite: Season 1: Welcome","10/8/18"
"Vanity Fair","9/20/18"
"Trainspotting","9/19/18"
"2001: A Space Odyssey","9/17/18"
"The Social Network","9/14/18"
"Popstar: Never Stop Never Stopping","9/12/18"
"Sierra Burgess Is a Loser","9/7/18"
"Gilmore Girls: Season 6: The Ungraduate","9/6/18"
"The Proposal","9/5/18"
"Gilmore Girls: Season 6: Fight Face","9/4/18"
"Punch-Drunk Love","9/4/18"
"SHOW: SEASON: VideoEpisode","9/4/18"
"Pride & Prejudice","9/4/18"
"Beginners","9/3/18"
"Crazy Ex-Girlfriend: Season 2: Can Josh Take a Leap of Faith?","9/3/18"
"Crazy Ex-Girlfriend: Season 2: Is Josh Free in Two Weeks?","9/3/18"
"Crazy Ex-Girlfriend: Season 2: Josh Is the Man of My Dreams, Right?","9/2/18"
"Crazy Ex-Girlfriend: Season 2: Will Scarsdale Like Josh's Shayna Punim?","9/2/18"
"Crazy Ex-Girlfriend: Season 2: When Do I Get to Spend Time with Josh?","9/2/18"
"Crazy Ex-Girlfriend: Season 2: Who Is Josh's Soup Fairy?","9/2/18"
"Crazy Ex-Girlfriend: Season 2: Who's the Cool Girl Josh Is Dating?","9/1/18"
"Crazy Ex-Girlfriend: Season 2: Who Needs Josh When You Have a Girl Group?","8/31/18"
"Crazy Ex-Girlfriend: Season 2: Why Is Josh’s Ex-Girlfriend Eating Carbs?","8/31/18"
"Crazy Ex-Girlfriend: Season 2: When Will Josh and His Friend Leave Me Alone?","8/31/18"
"Crazy Ex-Girlfriend: Season 2: All Signs Point to Josh ... or Is It Josh's Friend?","8/30/18"
"Crazy Ex-Girlfriend: Season 2: When Will Josh See How Cool I Am?","8/30/18"
"Crazy Ex-Girlfriend: Season 2: Where Is Josh's Friend?","8/29/18"
"Crazy Ex-Girlfriend: Season 1: Paula Needs to Get Over Josh!","8/29/18"
"Crazy Ex-Girlfriend: Season 1: Why Is Josh in a Bad Mood?","8/29/18"
"Crazy Ex-Girlfriend: Season 1: Josh's Sister Is Getting Married!","8/29/18"
"Crazy Ex-Girlfriend: Season 1: Josh Has No Idea Where I Am!","8/29/18"
"Crazy Ex-Girlfriend: Season 1: Josh Is Going to Hawaii!","8/29/18"
"Crazy Ex-Girlfriend: Season 1: Josh and I Go to Los Angeles!","8/29/18"
"Crazy Ex-Girlfriend: Season 1: Josh and I Work on a Case!","8/28/18"
"Crazy Ex-Girlfriend: Season 1: That Text Was Not Meant for Josh!","8/28/18"
"Crazy Ex-Girlfriend: Season 1: I'm Back at Camp with Josh!","8/27/18"
"Crazy Ex-Girlfriend: Season 1: I'm Going to the Beach with Josh and His Friends!","8/27/18"
"Crazy Ex-Girlfriend: Season 1: My Mom, Greg's Mom and Josh's Sweet Dance Moves!","8/27/18"
"Crazy Ex-Girlfriend: Season 1: I'm So Happy That Josh Is So Happy!","8/27/18"
"Crazy Ex-Girlfriend: Season 1: My First Thanksgiving with Josh!","8/27/18"
"Crazy Ex-Girlfriend: Season 1: Josh and I Are Good People!","8/27/18"
"Anomalisa","8/25/18"
"Gilmore Girls: Season 2: Lost & Found","8/25/18"
"Crazy Ex-Girlfriend: Season 1: I’m Going on a Date with Josh’s Friend!","8/24/18"
"Crazy Ex-Girlfriend: Season 1: I Hope Josh Comes to My Party!","8/24/18"
"Insatiable: Season 1: Winners Win. Period.","8/19/18"
"Insatiable: Season 1: Why Bad Things Happen","8/17/18"
"Insatiable: Season 1: Banana Heart Banana","8/17/18"
"Insatiable: Season 1: Bad Kitty","8/16/18"
"Insatiable: Season 1: Wieners and Losers","8/14/18"
"Insatiable: Season 1: Miss Magic Jesus","8/14/18"
"Gilmore Girls: Season 2: There's the Rub","8/13/18"
"Gilmore Girls: Season 3: Swan Song","8/12/18"
"Insatiable: Season 1: Dunk 'N' Donut","8/12/18"
"Insatiable: Season 1: Bikinis and Bitches","8/12/18"
"Insatiable: Season 1: WMBS","8/11/18"
"Insatiable: Season 1: Miss Bareback Buckaroo","8/10/18"
"Insatiable: Season 1: Skinny Is Magic","8/10/18"
"Insatiable: Season 1: Pilot","8/10/18"
"Gilmore Girls: Season 3: Take the Deviled Eggs...","8/8/18"
"Gilmore Girls: Season 1: The Lorelais' First Day at Chilton","8/5/18"
"Gilmore Girls: Season 4: Raincoats & Recipes","8/5/18"
"Gilmore Girls: Season 2: A-Tisket, A-Tasket","8/3/18"
"Everything Sucks!: Season 1: We Were Merely Freshmen","7/30/18"
"Everything Sucks!: Season 1: My Friends Have Been Eaten by Spiders","7/30/18"
"Everything Sucks!: Season 1: I Just Wanna Be Anybody","7/30/18"
"Everything Sucks!: Season 1: Cheesecake to a Fat Man","7/30/18"
"Everything Sucks!: Season 1: Sometimes I Hear My Voice","7/30/18"
"Everything Sucks!: Season 1: What the Hell’s a Zarginda?","7/30/18"
"Everything Sucks!: Season 1: Romeo & Juliet in Space","7/29/18"
"Everything Sucks!: Season 1: All That and a Bag of Chips","7/29/18"
"Everything Sucks!: Season 1: Maybe You’re Gonna Be the One That Saves Me","7/29/18"
"Everything Sucks!: Season 1: Plutonium","7/29/18"
"Hannah Gadsby: Nanette","7/28/18"
"10 Things I Hate About You","7/26/18"
"Notting Hill","7/26/18"
"A Walk to Remember","7/24/18"
"Gilmore Girls: Season 3: Eight O'Clock at the Oasis","7/22/18"
"Explained: Season 1: Cricket","7/21/18"
"Gilmore Girls: Season 3: One's Got Class and the Other One Dyes","7/19/18"
"Gilmore Girls: Season 3: Application Anxiety","7/11/18"
"Gilmore Girls: Season 5: Women of Questionable Morals","7/11/18"
"Jane The Virgin: Season 1: Chapter One: Pilot","7/7/18"
"Gilmore Girls: Season 5: But Not As Cute As Pushkin","7/7/18"
"Comedians in Cars Getting Coffee: New 2018: Freshly Brewed: John Mulaney: A Hooker In The Rain","7/7/18"
"Gilmore Girls: Season 5: We Got Us a Pippi Virgin","7/6/18"
"Queer Eye: Season 1: To Gay or Not Too Gay","7/2/18"
"Queer Eye: Season 1: You Can't Fix Ugly","7/1/18"
"John Mulaney: Kid Gorgeous at Radio City","6/28/18"
"The Kissing Booth","6/28/18"
"Crazy, Stupid, Love","6/28/18"
"Guardians of the Galaxy","6/24/18"
"Unbreakable Kimmy Schmidt: Season 2: Kimmy Goes on a Playdate!","6/20/18"
"Eternal Sunshine of the Spotless Mind","6/20/18"
"Gilmore Girls: Season 4: The Nanny and the Professor","6/19/18"
"Lust Stories","6/19/18"
"A Clockwork Orange","6/18/18"
"Riverdale: Season 2: Chapter Thirty: The Noose Tightens","6/18/18"
"Gilmore Girls: Season 4: Ted Koppel's Big Night Out","6/18/18"
"Drinking Buddies","6/15/18"
"Parenthood: Season 1: Pilot","6/15/18"
"Gilmore Girls: Season 4: Die, Jerk","6/13/18"
"Gilmore Girls: Season 7: It's Just Like Riding a Bike","6/13/18"
"Gilmore Girls: Season 7: Hay Bale Maze","6/13/18"
"Gilmore Girls: Season 5: So...Good Talk","6/13/18"
"Arrested Development: Season 1: Key Decisions","6/10/18"
"Arrested Development: Season 1: Bringing Up Buster","6/10/18"
"Grey's Anatomy: Season 5: There's No 'I' In Team","6/9/18"
"Gilmore Girls: Season 5: Jews and Chinese Food","6/9/18"
"Alex Strangelove","6/8/18"
"Arrested Development: Season 1: Top Banana","6/7/18"
"Gilmore Girls: Season 5: Say Something","6/5/18"
"Gilmore Girls: Season 5: Wedding Bell Blues","6/5/18"
"Gilmore Girls: Season 5: Come Home","6/5/18"
"Arrested Development: Season 1: Pilot","6/5/18"
"Gilmore Girls: Season 4: Last Week Fights, This Week Tights","6/5/18"
"Gilmore Girls: Season 4: Luke Can See Her Face","6/5/18"
"Gilmore Girls: Season 4: Afterboom","6/5/18"
"Gilmore Girls: Season 4: Tick, Tick, Tick Boom","6/5/18"
"Gilmore Girls: Season 4: Girls in Bikinis, Boys Doin' the Twist","6/5/18"
"Gilmore Girls: Season 4: The Reigning Lorelai","6/5/18"
"Gilmore Girls: Season 4: Scene in a Mall","6/5/18"
"Gilmore Girls: Season 4: A Family Matter","6/5/18"
"Gilmore Girls: A Year in the Life: Limited Series: Fall","6/1/18"
"Gilmore Girls: A Year in the Life: Limited Series: Winter","6/1/18"
"13 Reasons Why: Season 2: The Smile at the End of the Dock","5/30/18"
"13 Reasons Why: Season 2: The Drunk Slut","5/28/18"
"13 Reasons Why: Season 2: Two Girls Kissing","5/28/18"
"Explained: Season 1: Monogamy","5/26/18"
"Jab We Met","5/26/18"
"Jaane Tu... Ya Jaane Na","5/26/18"
"13 Reasons Why: Season 2: The First Polaroid","5/20/18"
"Gilmore Girls: Season 4: In the Clamor and the Clangor","5/20/18"
"Gilmore Girls: Season 4: The Fundamental Things Apply","5/20/18"
"13 Going on 30","5/11/18"
"Captain America: Civil War","5/11/18"
"Grey's Anatomy: Season 7: Song Beneath the Song","5/5/18"
"Om Shanti Om","5/2/18"
"Gilmore Girls: Season 3: Those Are Strings, Pinocchio","4/23/18"
"John Mulaney: The Comeback Kid","4/20/18"
"John Mulaney: New in Town","4/20/18"
"The Crown: Season 1: Hyde Park Corner","4/13/18"
"Joan Didion: The Center Will Not Hold","4/11/18"
"Gilmore Girls: Season 3: Here Comes the Son","4/4/18"
"Dead Poets Society","4/4/18"
"Friends: Season 3: The One with the Flashback","4/4/18"
"Little Women","4/1/18"
"The Lovely Bones","3/28/18"
"Atonement","3/27/18"
"Miss Stevens","3/23/18"
"Midnight in Paris","3/23/18"
"Friends: Season 3: The One with the Princess Leia Fantasy","3/11/18"
"Friends: Season 2: The One with the Chicken Pox","3/11/18"
"Alias Grace: Limited Series: Part 1","3/8/18"
"Gilmore Girls: Season 3: Say Goodnight, Gracie","3/6/18"
"Gilmore Girls: Season 5: Written in the Stars","3/4/18"
"Grey's Anatomy: Season 2: Much Too Much","3/3/18"
"Parks and Recreation: Season 2: Hunting Trip","3/2/18"
"The End of the F***ing World: Season 1: Episode 3","2/25/18"
"The End of the F***ing World: Season 1: Episode 2","2/25/18"
"Gilmore Girls: Season 3: Face-Off","2/20/18"
"The End of the F***ing World: Season 1: Episode 1","2/20/18"
"Gilmore Girls: Season 4: Chicken or Beef?","2/15/18"
"Gilmore Girls: Season 4: The Lorelais' First Day at Yale","2/9/18"
"Gilmore Girls: Season 3: The Big One","2/9/18"
"Half Girlfriend","2/9/18"
"Parks and Recreation: Season 2: Practice Date","2/9/18"
"Gilmore Girls: Season 3: A Deep-Fried Korean Thanksgiving","2/4/18"
"Black Mirror: Season 3: San Junipero","1/4/18"
"Black Mirror: Season 4: Hang the DJ","1/1/18"
"Merlin: Season 1: A Remedy to Cure All Ills","12/31/17"
"Stranger Things: Chapter Two: The Weirdo on Maple Street","12/30/17"
"Peppa Pig: Season 2: Grandad Dog's Garage / Foggy Day / Jumble Sale / Swimming","12/29/17"
"Peppa Pig: Season 2: The Traffic Jam / Bedtime / The Sports Day / The Eye Test","12/29/17"
"Gilmore Girls: Season 3: They Shoot Gilmores, Don't They?","12/26/17"
"Master of None: Season 1: Plan B","12/25/17"
"Fight Club","12/23/17"
"Stranger Things: Stranger Things 2: Chapter Nine: The Gate","12/22/17"
"Stranger Things: Stranger Things 2: Chapter Eight: The Mind Flayer","12/22/17"
"Stranger Things: Stranger Things 2: Chapter Seven: The Lost Sister","12/22/17"
"Stranger Things: Stranger Things 2: Chapter Six: The Spy","12/22/17"
"Stranger Things: Stranger Things 2: Chapter Five: Dig Dug","12/21/17"
"Stranger Things: Stranger Things 2: Chapter Four: Will the Wise","12/20/17"
"Stranger Things: Stranger Things 2: Chapter Three: The Pollywog","12/20/17"
"Stranger Things: Stranger Things 2: Chapter Two: Trick or Treat, Freak","12/18/17"
"Stranger Things: Stranger Things 2: Chapter One: MADMAX","12/18/17"
"Riverdale: Season 2: Chapter Twenty-Two: Silent Night, Deadly Night","12/15/17"
"Gilmore Girls: Season 2: I Can't Get Started","12/6/17"
"Gilmore Girls: Season 2: Help Wanted","12/6/17"
"Freaks and Geeks: Season 1: Pilot Episode","12/6/17"
"Sherlock: Series 3: The Sign of Three","11/19/17"
"BoJack Horseman: Season 1: Our A-Story Is a 'D' Story","10/15/17"
"BoJack Horseman: Season 1: Live Fast, Diane Nguyen","10/15/17"
"BoJack Horseman: Season 1: Zoës and Zeldas","10/15/17"
"BoJack Horseman: Season 1: Prickly-Muffin","10/15/17"
"BoJack Horseman: Season 1: BoJack Hates the Troops","10/15/17"
"Friends: Season 2: The One with the Two Parties","10/9/17"
"How I Met Your Mother: Season 9: Last Forever: Part Two","10/6/17"
"How I Met Your Mother: Season 9: Last Forever: Part One","10/6/17"
"How I Met Your Mother: Season 2: Ted Mosby: Architect","10/6/17"
"How I Met Your Mother: Season 2: Brunch","10/6/17"
"How I Met Your Mother: Season 2: The Scorpion and the Toad","10/6/17"
"How I Met Your Mother: Season 2: Where Were We?","10/6/17"
"How I Met Your Mother: Season 1: Come On","10/6/17"
"How I Met Your Mother: Season 1: Milk","10/4/17"
"How I Met Your Mother: Season 1: Best Prom Ever","10/4/17"
"BoJack Horseman: Season 1: BoJack Horseman: The BoJack Horseman Story, Chapter One","10/1/17"
"Fuller House: Season 3: M-M-M-My Ramona","10/1/17"
"How I Met Your Mother: Season 1: Mary the Paralegal","10/1/17"
"How I Met Your Mother: Season 1: Nothing Good Happens After 2 A.M.","10/1/17"
"How I Met Your Mother: Season 1: Life Among the Gorillas","10/1/17"
"How I Met Your Mother: Season 1: Cupcake","9/30/17"
"How I Met Your Mother: Season 1: Game Night","9/30/17"
"Titanic","9/30/17"
"Fuller House: Season 3: Uncle Jesse's Adventures in Babysitting","9/30/17"
"Fuller House: Season 3: My Little Hickey","9/30/17"
"Fuller House: Season 3: Declarations of Independence","9/30/17"
"Fuller House: Season 3: Break a Leg","9/30/17"
"Fuller House: Season 3: Best Summer Ever","9/30/17"
"How I Met Your Mother: Season 1: Zip, Zip, Zip","9/30/17"
"How I Met Your Mother: Season 1: Drumroll, Please","9/30/17"
"How I Met Your Mother: Season 1: The Wedding","9/27/17"
"How I Met Your Mother: Season 1: The Limo","9/26/17"
"How I Met Your Mother: Season 1: The Pineapple Incident","9/26/17"
"How I Met Your Mother: Season 1: Belly Full of Turkey","9/26/17"
"How I Met Your Mother: Season 1: The Duel","9/26/17"
"How I Met Your Mother: Season 9: How Your Mother Met Me","9/26/17"
"How I Met Your Mother: Season 1: Matchmaker","9/26/17"
"How I Met Your Mother: Season 1: The Slutty Pumpkin","9/26/17"
"How I Met Your Mother: Season 1: Okay Awesome","9/26/17"
"How I Met Your Mother: Season 1: Return of the Shirt","9/26/17"
"How I Met Your Mother: Season 1: The Sweet Taste of Liberty","9/24/17"
"How I Met Your Mother: Season 1: Purple Giraffe","9/24/17"
"How I Met Your Mother: Season 1: Pilot","9/23/17"
"Gilmore Girls: Season 2: It Should've Been Lorelai","9/23/17"
"Gilmore Girls: Season 1: That Damn Donna Reed","9/22/17"
"Gilmore Girls: Season 1: Forgiveness and Stuff","9/22/17"
"Grey's Anatomy: Season 2: Thanks for the Memories","9/22/17"
"Grey's Anatomy: Season 2: Deny, Deny, Deny","9/22/17"
"Grey's Anatomy: Season 2: Make Me Lose Control","9/22/17"
"Grey's Anatomy: Season 2: Enough Is Enough (No More Tears)","9/21/17"
"It's a Boy Girl Thing","9/20/17"
"Grey's Anatomy: Season 2: Raindrops Keep Falling On My Head","9/18/17"
"The Good Place: Season 1: Michael's Gambit","9/16/17"
"The Good Place: Season 1: Mindy St. Claire","9/16/17"
"The Good Place: Season 1: What's My Motivation","9/15/17"
"The Good Place: Season 1: Chidi's Choice","9/15/17"
"The Good Place: Season 1: ...Someone Like Me as a Member","9/15/17"
"The Good Place: Season 1: Most Improved Player","9/14/17"
"The Good Place: Season 1: The Eternal Shriek","9/14/17"
"The Good Place: Season 1: What We Owe to Each Other","9/14/17"
"The Good Place: Season 1: Category 55 Emergency Doomsday Crisis","9/14/17"
"The Good Place: Season 1: Jason Mendoza","9/14/17"
"The Good Place: Season 1: Tahani Al-Jamil","9/14/17"
"The Good Place: Season 1: Everything Is Fine","9/14/17"
"Sherlock: Series 3: The Empty Hearse","9/11/17"
"Gilmore Girls: Season 1: Kiss and Tell","9/11/17"
"Gilmore Girls: Season 1: Cinnamon's Wake","9/11/17"
"Marley & Me","9/9/17"
"Hasan Minhaj: Homecoming King","9/8/17"
"Gilmore Girls: Season 3: Haunted Leg","9/8/17"
"Merlin: Season 1: Lancelot","9/2/17"
"The Crown: Season 1: Wolferton Splash","8/18/17"
"Easy A","8/17/17"
"Gilmore Girls: Season 2: Lorelai's Graduation Day","8/16/17"
"Gilmore Girls: Season 2: The Bracebridge Dinner","8/16/17"
"Gilmore Girls: Season 2: Nick & Nora/Sid & Nancy","8/12/17"
"Gilmore Girls: Season 2: The Road Trip to Harvard","8/9/17"
"Gilmore Girls: Season 2: Red Light on the Wedding Night","8/9/17"
"Gilmore Girls: Season 2: Hammers and Veils","8/8/17"
"Gilmore Girls: Season 2: Sadie, Sadie...","8/8/17"
"Gilmore Girls: Season 1: Love, Daisies and Troubadours","8/6/17"
"Gilmore Girls: Season 1: P.S. I Lo...","8/4/17"
"Gilmore Girls: Season 1: Emily in Wonderland","8/4/17"
"Gilmore Girls: Season 1: The Third Lorelai","8/4/17"
"Gilmore Girls: Season 1: The Breakup, Part II","8/4/17"
"Gilmore Girls: Season 1: Star-Crossed Lovers and Other Strangers","8/4/17"
"Gilmore Girls: Season 1: Christopher Returns","8/4/17"
"Hannah Montana: The Movie","8/4/17"
"Gilmore Girls: Season 3: Keg! Max!","7/16/17"
"Gilmore Girls: Season 7: Bon Voyage","7/13/17"
"Gilmore Girls: Season 7: Unto the Breach","7/13/17"
"Gilmore Girls: Season 7: Lorelai? Lorelai?","7/13/17"
"Gilmore Girls: Season 7: Will You Be My Lorelai Gilmore?","7/13/17"
"Gilmore Girls: Season 7: I'm a Kayak, Hear Me Roar","7/12/17"
"Gilmore Girls: Season 7: Farewell, My Pet","7/10/17"
"Gilmore Girls: Season 7: I'd Rather Be in Philadelphia","7/10/17"
"Gilmore Girls: Season 7: To Whom It May Concern","7/10/17"
"Gilmore Girls: Season 7: Santa's Secret Stuff","7/10/17"
"Gilmore Girls: Season 7: Merry Fisticuffs","7/10/17"
"Gilmore Girls: Season 7: Knit, People, Knit","7/10/17"
"Gilmore Girls: Season 7: Introducing Lorelai Planetarium","7/10/17"
"Gilmore Girls: Season 7: French Twist","7/5/17"
"Emma","7/2/17"
"Gilmore Girls: Season 7: Go Bulldogs!","7/1/17"
"Gilmore Girls: Season 7: The Great Stink","7/1/17"
"Metropolis Restored","7/1/17"
"Gilmore Girls: Season 7: 'S Wonderful, 'S Marvelous","6/30/17"
"Sherlock: Series 4: The Six Thatchers","6/28/17"
"Camp Rock","6/24/17"
"Grey's Anatomy: Season 13: Ring of Fire","6/24/17"
"Grey's Anatomy: Season 13: True Colors","6/24/17"
"Grey's Anatomy: Season 13: Leave it Inside","6/24/17"
"Grey's Anatomy: Season 13: Don't Stop Me Now","6/23/17"
"Grey's Anatomy: Season 13: In the Air Tonight","6/23/17"
"Grey's Anatomy: Season 13: What's Inside","6/23/17"
"Grey's Anatomy: Season 13: Be Still, My Soul","6/23/17"
"Grey's Anatomy: Season 13: Til I Hear it From You","6/23/17"
"Grey's Anatomy: Season 13: Who Is He (And What is He to You?)","6/23/17"
"Grey's Anatomy: Season 13: Civil War","6/22/17"
"Grey's Anatomy: Season 13: Back Where You Belong","6/22/17"
"Grey's Anatomy: Season 13: It Only Gets Much Worse","6/22/17"
"Grey's Anatomy: Season 13: None of Your Business","6/22/17"
"Grey's Anatomy: Season 13: Jukebox Hero","6/22/17"
"Grey's Anatomy: Season 13: You Can Look (But You'd Better Not Touch)","6/22/17"
"Grey's Anatomy: Season 13: You Haven't Done Nothin'","6/22/17"
"Grey's Anatomy: Season 13: The Room Where It Happens","6/22/17"
"Grey's Anatomy: Season 13: Why Try to Change Me Now","6/22/17"
"Gilmore Girls: Season 7: Lorelai's First Cotillion","6/21/17"
"Gilmore Girls: Season 7: That's What You Get, Folks, For Makin' Whoopie","6/21/17"
"Grey's Anatomy: Season 13: Roar","6/21/17"
"Grey's Anatomy: Season 13: Both Sides Now","6/21/17"
"Grey's Anatomy: Season 13: Falling Slowly","6/21/17"
"Grey's Anatomy: Season 11: Only Mama Knows","6/21/17"
"Friends: Season 2: The One Where Old Yeller Dies","6/14/17"
"Friends: Season 2: The One Where Eddie Won't Go","6/14/17"
"Friends: Season 2: The One Where Dr. Ramoray Dies","6/14/17"
"Friends: Season 2: The One Where Eddie Moves In","6/14/17"
"Friends: Season 2: The One Where Joey Moves Out","6/14/17"
"Friends: Season 2: The One Where Ross and Rachel...You Know","6/13/17"
"Friends: Season 2: The One with the Prom Video","6/13/17"
"Gilmore Girls: Season 7: The Long Morrow","6/11/17"
"Friends: Season 2: The One with Russ","6/8/17"
"Friends: Season 2: The One with the Baby on the Bus","6/8/17"
"13 Reasons Why: Season 1: Tape 7, Side A","6/7/17"
"13 Reasons Why: Season 1: Tape 6, Side B","6/6/17"
"13 Reasons Why: Season 1: Tape 5, Side B","6/5/17"
"13 Reasons Why: Season 1: Tape 5, Side A","6/5/17"
"13 Reasons Why: Season 1: Tape 4, Side B","6/5/17"
"13 Reasons Why: Season 1: Tape 4, Side A","6/5/17"
"13 Reasons Why: Season 1: Tape 3, Side B","6/5/17"
"Friends: Season 2: The One with Five Steaks and an Eggplant","6/5/17"
"13 Reasons Why: Season 1: Tape 3, Side A","6/5/17"
"Friends: Season 2: The One with Phoebe's Husband","6/4/17"
"Friends: Season 2: The One Where Heckles Dies","6/4/17"
"13 Reasons Why: Season 1: Tape 2, Side B","6/4/17"
"13 Reasons Why: Season 1: Tape 2, Side A","6/4/17"
"Friends: Season 2: The One with the Breast Milk","6/3/17"
"Friends: Season 2: The One with Ross's New Girlfriend","6/3/17"
"Friends: Season 1: The One Where Rachel Finds Out","6/3/17"
"Friends: Season 1: The One with the Birth","6/3/17"
"13 Reasons Why: Season 1: Tape 1, Side B","6/3/17"
"13 Reasons Why: Season 1: Tape 1, Side A","6/2/17"
"Friends: Season 1: The One with the Ick Factor","6/2/17"
"Friends: Season 1: The One with the Fake Monica","6/2/17"
"Friends: Season 1: The One with the Evil Orthodontist","6/2/17"
"Friends: Season 1: The One Where the Monkey Gets Away","6/1/17"
"Friends: Season 1: The One with All the Poker","6/1/17"
"Gilmore Girls: Season 6: Partings","5/29/17"
"Friends: Season 1: The One with the Two Parts: Part 2","5/29/17"
"Friends: Season 1: The One with the Stoned Guy","5/29/17"
"Friends: Season 1: The One with the Candy Hearts","5/26/17"
"Friends: Season 1: The One with the Boobies","5/26/17"
"Friends: Season 1: The One with the Dozen Lasagnas","5/23/17"
"Friends: Season 1: The One with Mrs. Bing","5/21/17"
"Friends: Season 1: The One with the Monkey","5/21/17"
"Gilmore Girls: Season 6: Driving Miss Gilmore","5/19/17"
"Friends: Season 1: The One Where Underdog Gets Away","5/11/17"
"Friends: Season 1: The One with the Butt","5/11/17"
"Friends: Season 1: The One with the East German Laundry Detergent","5/11/17"
"Gilmore Girls: Season 6: Super Cool Party People","5/4/17"
"Friends: Season 1: The One with George Stephanopoulos","5/2/17"
"Gilmore Girls: Season 3: Happy Birthday, Baby","5/1/17"
"Gilmore Girls: Season 6: I Get a Sidekick out of You","5/1/17"
"Gilmore Girls: Season 1: Rory's Dance","4/30/17"
"Gilmore Girls: Season 6: The Real Paul Anka","4/28/17"
"Friends: Season 10: The Last One: Part 1 & Part 2","4/26/17"
"Friends: Season 10: The One with Rachel's Going Away Party","4/26/17"
"Gilmore Girls: Season 6: I'm OK, You're OK","4/24/17"
"Friends: Season 10: The One Where Estelle Dies","4/24/17"
"Friends: Season 10: The One with Princess Consuela","4/24/17"
"Friends: Season 10: The One Where Joey Speaks French","4/24/17"
"Gilmore Girls: Season 6: Bridesmaids Revisited","4/24/17"
"Gilmore Girls: Season 6: A Vineyard Valentine","4/23/17"
"Friends: Season 10: The One with Phoebe's Wedding","4/19/17"
"Gilmore Girls: Season 6: You've Been Gilmored","4/19/17"
"Gilmore Girls: Season 6: Friday Night's Alright for Fighting","4/18/17"
"Friends: Season 10: The One Where the Stripper Cries","4/17/17"
"Friends: Season 10: The One Where Chandler Gets Caught","4/17/17"
"Friends: Season 10: The One with the Birth Mother","4/17/17"
"Gilmore Girls: Season 6: Just Like Gwen and Gavin","4/14/17"
"Gilmore Girls: Season 6: The Perfect Dress","4/14/17"
"Gilmore Girls: Season 6: Twenty-One is the Loneliest Number","4/10/17"
"Gilmore Girls: Season 6: Welcome to the Dollhouse","4/10/17"
"Friends: Season 10: The One with the Late Thanksgiving","4/8/17"
"Friends: Season 10: The One with The Home Study","4/6/17"
"Friends: Season 10: The One with Ross's Grant","4/6/17"
"Friends: Season 10: The One Where Rachel's Sister Babysits","4/4/17"
"Gilmore Girls: Season 6: New and Improved Lorelai","3/30/17"
"Gilmore Girls: Season 5: A House is Not a Home","3/30/17"
"Gilmore Girls: Season 5: How Many Kropogs to Cape Cod?","3/28/17"
"Gilmore Girls: Season 5: But I'm a Gilmore","3/28/17"
"Gilmore Girls: Season 5: To Live and Let Diorama","3/28/17"
"Gilmore Girls: Season 5: Pulp Friction","3/27/17"
"Pink","3/27/17"
"Gilmore Girls: Season 3: Dear Emily and Richard","3/27/17"
"Gilmore Girls: Season 5: Emily Says 'Hello'","3/26/17"
"Friends: Season 8: The One with Joey's Interview","3/25/17"
"Friends: Season 8: The One in Massapequa","3/25/17"
"Friends: Season 8: The One with the Tea Leaves","3/25/17"
"Friends: Season 8: The One Where Joey Tells Rachel","3/25/17"
"Friends: Season 8: The One with the Birthing Video","3/25/17"
"Friends: Season 8: The One with the Secret Closet","3/24/17"
"Friends: Season 8: The One Where Chandler Takes a Bath","3/24/17"
"Friends: Season 8: The One Where Joey Dates Rachel","3/24/17"
"Gilmore Girls: Season 2: Teach Me Tonight","3/24/17"
"Gilmore Girls: Season 5: The Party's Over","3/24/17"
"Gilmore Girls: Season 5: You Jump, I Jump, Jack","3/24/17"
"Friends: Season 8: The One with the Creepy Holiday Card","3/23/17"
"Gilmore Girls: Season 5: Norman Mailer, I'm Pregnant","3/22/17"
"Gilmore Girls: Season 5: Tippecanoe and Taylor, Too","3/22/17"
"Friends: Season 8: The One with Monica's Boots","3/21/17"
"Gilmore Girls: Season 5: A Messenger, Nothing More","3/18/17"
"Gilmore Girls: Season 5: Say Goodbye to Daisy Miller","3/18/17"
"Gilmore Girls: Season 4: The Incredible Sinking Lorelais","3/18/17"
"Friends: Season 8: The One with the Rumor","3/17/17"
"Friends: Season 8: The One with the Stripper","3/17/17"
"Friends: Season 8: The One with the Stain","3/16/17"
"Friends: Season 8: The One with the Halloween Party","3/14/17"
"Gilmore Girls: Season 4: Nag Hammadi Is Where They Found the Gnostic Gospels","3/13/17"
"Friends: Season 8: The One with Rachel's Date","3/13/17"
"Friends: Season 8: The One with the Videotape","3/13/17"
"Friends: Season 8: The One After I Do","3/13/17"
"Friends: Season 7: The One with Chandler and Monica's Wedding: Part 2","3/12/17"
"Friends: Season 7: The One with Chandler and Monica's Wedding: Part 1","3/12/17"
"Friends: Season 7: The One with Chandler's Dad","3/12/17"
"Friends: Season 7: The One with the Vows","3/11/17"
"Friends: Season 7: The One with Rachel's Big Kiss","3/10/17"
"Friends: Season 7: The One with Ross and Monica's Cousin","3/10/17"
"Friends: Season 7: The One with Joey's Award","3/10/17"
"Friends: Season 7: The One with the Cheap Wedding Dress","3/9/17"
"Gilmore Girls: Season 3: Let the Games Begin","3/9/17"
"Friends: Season 7: The One with Joey's New Brain","3/8/17"
"Friends: Season 7: The One Where They All Turn Thirty","3/8/17"
"Friends: Season 7: The One Where They're Up All Night","3/5/17"
"Friends: Season 7: The One with All the Cheesecakes","3/5/17"
"Friends: Season 7: The One with the Nap Partners","3/3/17"
"Friends: Season 7: The One with the Engagement Picture","3/2/17"
"Friends: Season 7: The One with Rachel's Assistant","3/1/17"
"Friends: Season 7: The One with Phoebe's Cookies","3/1/17"
"Friends: Season 7: The One with Rachel's Book","2/28/17"
"Friends: Season 7: The One with the Truth About London","2/28/17"
"Friends: Season 7: The One Where Rosita Dies","2/18/17"
"Grey's Anatomy: Season 11: Got to Be Real","2/8/17"
"Grey's Anatomy: Season 11: Puzzle with a Piece Missing","2/7/17"
"Friends: Season 7: The One with All the Candy","2/7/17"
"New Girl: Season 1: Kryptonite","2/7/17"
"New Girl: Season 1: Pilot","2/7/17"
"Grey's Anatomy: Season 8: If/Then","2/7/17"
"Kal Ho Naa Ho","2/4/17"
"Grey's Anatomy: Season 1: The Self-Destruct Button","2/3/17"
"Grey's Anatomy: Season 1: Shake Your Groove Thing","2/3/17"
"Gilmore Girls: Season 3: Lazy-Hazy-Crazy Days","2/1/17"
"Gilmore Girls: Season 2: Run Away Little Boy","1/30/17"
"Gilmore Girls: Season 2: Like Mother, Like Daughter","1/28/17"
"Friends: Season 7: The One Where Chandler Doesn't Like Dogs","1/28/17"
"Grey's Anatomy: Season 12: Family Affair","1/28/17"
"Grey's Anatomy: Season 12: I Wear the Face","1/28/17"
"Grey's Anatomy: Season 12: When It Hurts So Bad","1/25/17"
"New Girl: Season 5: Landing Gear","1/25/17"
"New Girl: Season 5: Dress","1/23/17"
"New Girl: Season 5: A Chill Day In","1/21/17"
"Friends: Season 7: The One with Ross' Library Book","1/17/17"
"New Girl: Season 5: Helmet","1/17/17"
"New Girl: Season 5: 300 Feet","1/17/17"
"New Girl: Season 5: Sam, Again","1/16/17"
"New Girl: Season 5: D-Day","1/16/17"
"A Series of Unfortunate Events: Season 1: The Bad Beginning: Part One","1/16/17"
"Gilmore Girls: Season 2: Presenting Lorelai Gilmore","1/16/17"
"New Girl: Season 5: The Apartment","1/10/17"
"New Girl: Season 5: Goosebumps Walkaway","1/10/17"
"New Girl: Season 5: Heat Wave","1/10/17"
"New Girl: Season 5: The Decision","1/9/17"
"The Parent Trap","1/9/17"
"Merlin: Season 1: The Poisoned Chalice","1/7/17"
"Narcos: Season 1: Descenso","1/6/17"
"Gone with the Wind","1/4/17"
"Admission","1/3/17"
"Merlin: Season 1: The Mark of Nimueh","1/3/17"
"Merlin: Season 1: Valiant","1/2/17"
"The Perks of Being a Wallflower","12/30/16"
"Sense8: Season 1: Limbic Resonance","12/25/16"
"Drop Dead Diva: Season 1: Pilot","12/25/16"
"Merlin: Season 1: The Dragon's Call","12/22/16"
"The Shining","12/22/16"
"The Big Short","12/22/16"
"Black Mirror: Season 1: The National Anthem","12/21/16"
"Doctor Who: Season 5: The Eleventh Hour","12/21/16"
"Fuller House: Season 2: Happy New Year Baby","12/20/16"
"Barry","12/20/16"
"Roman Holiday","12/20/16"
"Fuller House: Season 2: Nutcrackers","12/18/16"
"Fuller House: Season 2: DJ and Kimmy's High School Reunion","12/18/16"
"Fuller House: Season 2: Glazed & Confused","12/18/16"
"Fuller House: Season 2: A Tangled Web","12/18/16"
"Fuller House: Season 2: Girl Talk","12/17/16"
"Fuller House: Season 2: Fuller Thanksgiving","12/17/16"
"Fuller House: Season 2: Doggy Daddy","12/16/16"
"Fuller House: Season 2: Curse of Tanner Manor","12/16/16"
"Fuller House: Season 2: Ramona's Not-So-Epic First Kiss","12/14/16"
"Fuller House: Season 2: Mom Interference","12/14/16"
"Fuller House: Season 2: Welcome Back","12/11/16"
"Fuller House: Season 1: Our Very First Show, Again","12/11/16"
"Jane The Virgin: Season 1: Chapter Five","12/10/16"
"Jane The Virgin: Season 1: Chapter Four","12/10/16"
"Jane The Virgin: Season 1: Chapter Three","12/10/16"
"Jane The Virgin: Season 1: Chapter Two","12/10/16"
"Jane The Virgin: Season 1: Chapter Seven","12/10/16"
"Grey's Anatomy: Season 2: Losing My Religion","12/5/16"
"Gilmore Girls: Season 1: The Deer Hunters","12/4/16"
"Grey's Anatomy: Season 3: Drowning on Dry Land","12/3/16"
"Grey's Anatomy: Season 11: How to Save a Life","12/3/16"
"Grey's Anatomy: Season 12: I Am Not Waiting Anymore","12/3/16"
"Jane The Virgin: Season 1: Chapter Six","12/2/16"
"Grey's Anatomy: Season 12: All Eyez on Me","12/2/16"
"Grey's Anatomy: Season 12: My Next Life","12/2/16"
"Grey's Anatomy: Season 12: Something Against You","12/2/16"
"Gilmore Girls: Season 1: Kill Me Now","11/30/16"
"One Tree Hill: Season 1: How Can You be Sure?","11/23/16"
"Grey's Anatomy: Season 12: The Me Nobody Knows","11/23/16"
"Grey's Anatomy: Season 12: Guess Who's Coming to Dinner","11/20/16"
"Black Mirror: Season 1: The Entire History of You","11/19/16"
"High School Musical","11/18/16"
"Startalk: Season 1: Christopher Nolan","11/15/16"
"Cosmos","11/15/16"
"Barbarella","11/15/16"
"A Dog's Life","11/14/16"
"Black Mirror: Season 3: Nosedive","11/14/16"
"Kabhi Khushi Kabhie Gham","11/13/16"
"How to Get Away With Murder: Season 2: What Did We Do?","11/13/16"
"How to Get Away With Murder: Season 2: Anna Mae","11/13/16"
"The Rebound","11/5/16"
"Supernatural: Season 6: The French Mistake","11/3/16"
"Black Mirror: Season 1: Fifteen Million Merits","11/2/16"
"Grease","11/2/16"
"Grease: Live","11/2/16"
"The Secret Life of the American Teenager: Season 1: Falling in Love","11/2/16"
"Grey's Anatomy: Season 6: Give Peace A Chance","10/28/16"
"Grey's Anatomy: Season 6: I Saw What I Saw","10/28/16"
"Merlin: Season 5: The Death Song of Uther Pendragon","10/21/16"
"Merlin: Season 3: Queen of Hearts","10/21/16"
"Grey's Anatomy: Season 6: Invasion","10/21/16"
"Jane The Virgin: Season 2: Chapter Twenty-Eight","10/20/16"
"A Cinderella Story","10/20/16"
"How to Lose a Guy in 10 Days","10/17/16"
"New Girl: Season 5: No Girl","10/14/16"
"New Girl: Season 5: Jury Duty","10/14/16"
"New Girl: Season 5: What About Fred","10/12/16"
"New Girl: Season 5: Big Mama P","10/12/16"
"New Girl: Season 3: Double Date","10/12/16"
"Grey's Anatomy: Season 6: Tainted Obligation","10/3/16"
"Grey's Anatomy: Season 6: I Always Feel Like Somebody's Watchin' Me","10/3/16"
"Grey's Anatomy: Season 6: Goodbye","10/3/16"
"Friends: Season 5: The One with All the Thanksgivings","9/29/16"
"Friends: Season 9: The One with Rachel's Dream","9/20/16"
"Good Will Hunting","9/18/16"
"Friends: Season 9: The One with the Lottery","9/18/16"
"The Wedding Planner","9/13/16"
"Jane The Virgin: Season 2: Chapter Twenty-Seven","9/13/16"
"Friends: Season 9: The One with the Memorial Service","9/12/16"
"Stranger Things: Chapter Eight: The Upside Down","9/12/16"
"Stranger Things: Chapter Seven: The Bathtub","9/11/16"
"Stranger Things: Chapter Six: The Monster","9/11/16"
"Stranger Things: Chapter Five: The Flea and the Acrobat","9/11/16"
"Stranger Things: Chapter Four: The Body","9/11/16"
"Stranger Things: Chapter Three: Holly, Jolly","9/10/16"
"Stranger Things: Chapter One: The Vanishing Of Will Byers","9/10/16"
"Friends: Season 9: The One with the Boob Job","8/27/16"
"Friends: Season 9: The One with the Mugging","8/25/16"
"Friends: Season 9: The One with the Blind Dates","8/24/16"
"Friends: Season 9: The One with the Male Nanny","8/24/16"
"Friends: Season 9: The One with Phoebe's Birthday Dinner","8/24/16"
"Friends: Season 9: The One with the Sharks","8/20/16"
"Woman in Gold","8/20/16"
"Friends: Season 9: The One with the Pediatrician","8/19/16"
"Kuch Kuch Hota Hai","8/13/16"
"Jane The Virgin: Season 2: Chapter Forty-Four","8/13/16"
"Jane The Virgin: Season 2: Chapter Forty-Three","8/13/16"
"Jane The Virgin: Season 2: Chapter Forty-Two","8/13/16"
"Jane The Virgin: Season 2: Chapter Forty-One","8/12/16"
"Jane The Virgin: Season 2: Chapter Forty","8/10/16"
"Jane The Virgin: Season 2: Chapter Thirty-Nine","8/10/16"
"Jane The Virgin: Season 2: Chapter Thirty-Eight","8/9/16"
"Jane The Virgin: Season 2: Chapter Thirty-Seven","8/9/16"
"Begin Again","8/8/16"
"Jane The Virgin: Season 2: Chapter Thirty-Six","8/7/16"
"Jane The Virgin: Season 2: Chapter Thirty-Five","8/7/16"
"Jane The Virgin: Season 2: Chapter Thirty-Four","8/7/16"
"Jane The Virgin: Season 2: Chapter Thirty-Three","8/6/16"
"Jane The Virgin: Season 2: Chapter Thirty-Two","8/5/16"
"Jane The Virgin: Season 2: Chapter Thirty-One","8/5/16"
"Jane The Virgin: Season 2: Chapter Thirty","8/4/16"
"Jane The Virgin: Season 2: Chapter Twenty-Nine","8/3/16"
"Jane The Virgin: Season 2: Chapter Twenty-Six","8/2/16"
"Jane The Virgin: Season 2: Chapter Twenty-Five","8/2/16"
"Jane The Virgin: Season 2: Chapter Twenty-Four","8/1/16"
"Kate & Leopold","7/29/16"
"The Ugly Truth","7/28/16"
"Unbreakable Kimmy Schmidt: Season 2: Kimmy Goes Roller Skating!","7/25/16"
"Unbreakable Kimmy Schmidt: Season 1: Kimmy Makes Waffles!","7/15/16"
"Unbreakable Kimmy Schmidt: Season 1: Kimmy Goes to Court!","7/11/16"
"Unbreakable Kimmy Schmidt: Season 1: Kimmy Rides a Bike!","7/11/16"
"Unbreakable Kimmy Schmidt: Season 1: Kimmy's in a Love Triangle!","7/11/16"
"Unbreakable Kimmy Schmidt: Season 1: Kimmy Has a Birthday!","7/10/16"
"Unbreakable Kimmy Schmidt: Season 1: Kimmy is Bad at Math!","7/9/16"
"Unbreakable Kimmy Schmidt: Season 1: Kimmy Goes to a Party!","7/9/16"
"Unbreakable Kimmy Schmidt: Season 1: Kimmy Goes to School!","7/9/16"
"Amal","7/8/16"
"Unbreakable Kimmy Schmidt: Season 1: Kimmy Kisses a Boy!","7/7/16"
"Unbreakable Kimmy Schmidt: Season 1: Kimmy Goes to the Doctor!","7/7/16"
"Unbreakable Kimmy Schmidt: Season 1: Kimmy Goes on a Date!","7/6/16"
"Unbreakable Kimmy Schmidt: Season 1: Kimmy Gets a Job!","7/6/16"
"Unbreakable Kimmy Schmidt: Season 1: Kimmy Goes Outside!","7/6/16"
"Full Out","7/6/16"
"Jane The Virgin: Season 1: Chapter Twenty-Two","7/5/16"
"Jane The Virgin: Season 1: Chapter Twenty-One","7/5/16"
"Jane The Virgin: Season 1: Chapter Twenty","7/5/16"
"Jane The Virgin: Season 1: Chapter Nineteen","7/5/16"
"Jane The Virgin: Season 1: Chapter Eighteen","7/5/16"
"Jane The Virgin: Season 1: Chapter Seventeen","7/5/16"
"Orange Is the New Black: Season 4: Power Suit","7/4/16"
"Today's Special","6/28/16"
"The Tudors: Season 1: In Cold Blood","6/28/16"
"Made of Honor","6/26/16"
"Orange Is the New Black: Season 4: Work That Body for Me","6/26/16"
"The Fundamentals of Caring","6/25/16"
"Orange Is the New Black: Season 1: I Wasn't Ready","6/17/16"
"Jane The Virgin: Season 1: Chapter Sixteen","6/17/16"
"Jane The Virgin: Season 1: Chapter Fifteen","6/17/16"
"Jane The Virgin: Season 1: Chapter Fourteen","6/16/16"
"Jane The Virgin: Season 1: Chapter Thirteen","6/16/16"
"Jane The Virgin: Season 1: Chapter Twelve","6/16/16"
"Jane The Virgin: Season 1: Chapter Eleven","6/14/16"
"Jane The Virgin: Season 1: Chapter Ten","6/14/16"
"Jane The Virgin: Season 1: Chapter Nine","6/14/16"
"Jane The Virgin: Season 1: Chapter Eight","6/14/16"
"Friends: Season 9: The One with Christmas in Tulsa","6/10/16"
"Friends: Season 9: The One with Rachel's Phone Number","6/10/16"
"Friends: Season 9: The One with Rachel's Other Sister","6/8/16"
"Friends: Season 9: The One in Barbados: Part 2","6/7/16"
"Friends: Season 10: The One Where Ross Is Fine","6/7/16"
"Friends: Season 8: The One Where Rachel Tells ...","6/1/16"
"Friends: Season 8: The One with the Red Sweater","6/1/16"
"Friends: Season 6: The One with Mac and C.H.E.E.S.E","5/31/16"
"Friends: Season 6: The One with Joey's Fridge","5/31/16"
"Friends: Season 6: The One Where Ross Dates a Student","5/31/16"
"Friends: Season 6: The One with Unagi","5/30/16"
"Friends: Season 6: The One That Could Have Been: Part 2","5/29/16"
"Friends: Season 6: The One That Could Have Been: Part 1","5/28/16"
"Friends: Season 6: The One Where Chandler Can't Cry","5/28/16"
"Friends: Season 6: The One with Rachel's Sister","5/28/16"
"Friends: Season 6: The One Where Joey Loses His Insurance","5/28/16"
"Friends: Season 6: The One with Ross's Denial","5/27/16"
"Friends: Season 6: The One After Vegas","5/27/16"
"Friends: Season 5: The One in Vegas: Part 2","5/27/16"
"Friends: Season 5: The One in Vegas: Part 1","5/26/16"
"Friends: Season 7: The One with Monica's Thunder","5/26/16"
"The Prince & Me","5/25/16"
"Friends: Season 6: The One with the Proposal: Part 2","5/25/16"
"Friends: Season 5: The One Where Everybody Finds Out","5/25/16"
"Friends: Season 3: The One Where Chandler Can't Remember Which Sister","5/25/16"
"Friends: Season 5: The One with Rachel's Inadvertent Kiss","5/25/16"
"Friends: Season 5: The One with Joey's Bag","5/25/16"
"Friends: Season 5: The One with All the Resolutions","5/25/16"
"Friends: Season 5: The One with the Inappropriate Sister","5/25/16"
"Friends: Season 5: The One with Ross's Sandwich","5/25/16"
"Friends: Season 5: The One Where Phoebe Hates PBS","5/23/16"
"Friends: Season 5: The One Hundredth","5/23/16"
"Friends: Season 5: The One with All the Kissing","5/23/16"
"Friends: Season 5: The One After Ross Says Rachel","5/23/16"
"Friends: Season 4: The One with Ross's Wedding: Part 2","5/21/16"
"Grey's Anatomy: Season 6: Good Mourning","5/21/16"
"Friends: Season 2: The One After the Super Bowl: Part 2","5/20/16"
"Friends: Season 2: The One After the Super Bowl: Part 1","5/20/16"
"Friends: Season 2: The One with the Lesbian Wedding","5/18/16"
"Sherlock: Series 3: The Abominable Bride","5/17/16"
"Friends: Season 6: The One with the Proposal: Part 1","5/13/16"
"Friends: Season 6: The One with the Joke","5/13/16"
"Friends: Season 6: The One with the Apothecary Table","5/13/16"
"Friends: Season 6: The One with the Routine","5/13/16"
"Friends: Season 5: The One with the Ball","5/11/16"
"Friends: Season 5: The One with the Ride-Along","5/11/16"
"Friends: Season 5: The One with the Cop","5/11/16"
"Friends: Season 5: The One with the Girl Who Hits Joey","5/11/16"
"Friends: Season 5: The One with Chandler's Work Laugh","5/9/16"
"Friends: Season 4: The One with the Free Porn","5/9/16"
"Friends: Season 4: The One with the Fake Party","5/9/16"
"Friends: Season 4: The One with All the Rugby","5/9/16"
"Friends: Season 4: The One with Joey's Dirty Day","5/8/16"
"Friends: Season 4: The One with Rachel's Crush","5/8/16"
"Friends: Season 4: The One with the Embryos","5/8/16"
"Friends: Season 4: The One with Phoebe's Uterus","5/8/16"
"Friends: Season 4: The One with the Girl from Poughkeepsie","5/8/16"
"Friends: Season 4: The One Where They're Going to Party","5/8/16"
"Friends: Season 4: The One with Chandler in a Box","5/8/16"
"Friends: Season 4: The One Where Chandler Crosses the Line","5/8/16"
"Friends: Season 4: The One with the Dirty Girl","5/8/16"
"Friends: Season 4: The One with Joey's New Girlfriend","5/7/16"
"Friends: Season 4: The One with the Ballroom Dancing","5/7/16"
"Friends: Season 4: The One with the 'Cuffs","5/7/16"
"Friends: Season 4: The One with the Cat","5/7/16"
"Sixteen Candles","5/6/16"
"Friends: Season 4: The One with the Jellyfish","5/6/16"
"Friends: Season 3: The One at the Beach","5/5/16"
"Friends: Season 2: The One with Barry and Mindy's Wedding","5/4/16"
"Friends: Season 2: The One with Phoebe's Dad","5/3/16"
"Friends: Season 2: The One with the List","5/3/16"
"Friends: Season 2: The One Where Ross Finds Out","5/2/16"
"Friends: Season 1: The One with the Two Parts: Part 1","4/30/16"
"Friends: Season 5: The One with the Kips","4/30/16"
"Jenny's Wedding","4/24/16"
"Grey's Anatomy: Season 5: Now or Never","4/24/16"
"Grey's Anatomy: Season 1: Winning a Battle, Losing the War","4/24/16"
"Friends: Season 5: The One with the Yeti","4/20/16"
"Grey's Anatomy: Season 1: The First Cut Is the Deepest","4/16/16"
"Friends: Season 1: The One Where Nana Dies Twice","4/16/16"
"Friends: Season 1: The One with the Blackout","4/16/16"
"Melissa & Joey: Season 3: The New Deal","4/16/16"
"Melissa & Joey: Season 3: Independence Day","4/16/16"
"Melissa & Joey: Season 3: A Decent Proposal","4/8/16"
"Melissa & Joey: Season 3: A New Kind of Family Christmas","4/8/16"
"Melissa & Joey: Season 3: What Happens in Jersey...Pt. 2","4/8/16"
"Friends: Season 1: The One with the Thumb","4/8/16"
"Friends: Season 1: The One with the Sonogram at the End","4/8/16"
"Grey's Anatomy: Season 5: No Good at Saying Sorry (One More Chance)","4/4/16"
"Grey's Anatomy: Season 5: Sweet Surrender","4/4/16"
"New Girl: Season 4: Clean Break","4/4/16"
"New Girl: Season 2: Bachelorette Party","4/3/16"
"Grey's Anatomy: Season 9: Going, Going, Gone","4/1/16"
"Grey's Anatomy: Season 11: She's Leaving Home: Part 2","4/1/16"
"Grey's Anatomy: Season 5: Elevator Love Letter","3/30/16"
"Grey's Anatomy: Season 8: All You Need Is Love","3/30/16"
"Fuller House: Season 1: Love Is in the Air","3/28/16"
"Grey's Anatomy: Season 5: Stand By Me","3/27/16"
"Grey's Anatomy: Season 5: I Will Follow You Into the Dark","3/27/16"
"Fuller House: Season 1: Save the Dates","3/26/16"
"Fuller House: Season 1: Partnerships in the Night","3/26/16"
"Grey's Anatomy: Season 5: An Honest Mistake","3/25/16"
"Grey's Anatomy: Season 5: Before And After","3/25/16"
"Fuller House: Season 1: A Giant Leap","3/24/16"
"Fuller House: Season 1: War of the Roses","3/24/16"
"Grey's Anatomy: Season 5: Beat Your Heart Out","3/24/16"
"Fuller House: Season 1: Secrets, Lies and Firetrucks","3/23/16"
"Fuller House: Season 1: Ramona’s Not-So-Epic Party","3/22/16"
"Fuller House: Season 1: The Legend of El Explosivo","3/22/16"
"Grey's Anatomy: Season 5: Stairway To Heaven","3/21/16"
"Fuller House: Season 1: Mad Max","3/21/16"
"Fuller House: Season 1: The Not-So-Great Escape","3/21/16"
"Grey's Anatomy: Season 5: Sympathy for the Devil","3/20/16"
"Grey's Anatomy: Season 5: Wish You Were Here","3/20/16"
"Grey's Anatomy: Season 5: All By Myself","3/20/16"
"Grey's Anatomy: Season 2: Blues for Sister Someone","3/20/16"
"Grey's Anatomy: Season 2: The Name of the Game","3/20/16"
"Fuller House: Season 1: Funner House","3/19/16"
"Fuller House: Season 1: Moving Day","3/19/16"
"Pulp Fiction","3/19/16"
"House, M.D.: Season 1: Pilot","3/19/16"
"Grey's Anatomy: Season 2: Superstition","3/18/16"
"Grey's Anatomy: Season 2: Band-Aid Covers the Bullet Hole","3/18/16"
"Grey's Anatomy: Season 2: What Have I Done to Deserve This?","3/16/16"
"Grey's Anatomy: Season 2: Yesterday","3/14/16"
"Must Love Dogs","3/12/16"
"New Girl: Season 2: First Date","2/26/16"
"New Girl: Season 1: Bully","2/23/16"
"New Girl: Season 1: Valentine's Day","2/23/16"
"New Girl: Season 1: Thanksgiving","2/23/16"
"New Girl: Season 1: Cece Crashes","2/23/16"
"Love: Season 1: It Begins","2/23/16"
"The Lizzie Borden Chronicles: Season 1: Acts of Borden","2/18/16"
"New Girl: Season 4: Panty Gate","2/18/16"
"New Girl: Season 4: Par 5","2/15/16"
"New Girl: Season 4: The Right Thing","2/15/16"
"New Girl: Season 4: Walk of Shame","2/15/16"
"New Girl: Season 4: Spiderhunt","2/15/16"
"New Girl: Season 4: Oregon","2/15/16"
"New Girl: Season 4: The Crawl","2/15/16"
"New Girl: Season 4: Swuit","2/15/16"
"New Girl: Season 4: Coming Out","2/15/16"
"New Girl: Season 4: Shark","2/15/16"
"New Girl: Season 4: LAXmas","2/15/16"
"I Hate Valentine's Day","2/15/16"
"Bride and Prejudice","1/23/16"
"TiMER","1/17/16"
"New Girl: Season 4: Girl Fight","1/15/16"
"New Girl: Season 4: Thanksgiving IV","1/12/16"
"New Girl: Season 4: Teachers","1/9/16"
"New Girl: Season 4: Goldmine","1/9/16"
"New Girl: Season 4: Background Check","1/9/16"
"New Girl: Season 4: Landline","1/8/16"
"New Girl: Season 4: Micro","1/8/16"
"New Girl: Season 4: Julie Berkman's Older Sister","1/8/16"
"New Girl: Season 4: Dice","1/8/16"
"New Girl: Season 4: The Last Wedding","1/8/16"
"Marvel's Jessica Jones: Season 1: AKA Ladies Night","1/7/16"
"Clueless","1/3/16"
"Naomi and Ely's No Kiss List","12/5/15"
"New Girl: Season 1: Tomatoes","11/16/15"
"New Girl: Season 1: Naked","11/15/15"
"Legally Blonde","11/15/15"
